Source;Destination;Distance
AAL;AAR;100.089
AAL;OSL;352.979
AAN;AMM;2095.056
AAR;BMA;551.792
AAR;GOT;182.281
AAR;OSL;434.634
ABC;BCN;425.261
ABI;DFW;253.814
ABQ;AUS;995.664
ABQ;BNA;1807.354
ABQ;CMH;2160.541
ABQ;DFW;915.542
ABQ;MCI;1156.095
ABQ;MEM;1515.858
ABQ;MTY;1201.128
ABQ;ORD;1798.941
ABQ;PHL;2811.698
ABQ;STL;1502.528
ABV;LHR;4761.842
ABX;SYD;451.294
ABZ;LHR;647.075
ACA;AUS;1503.232
ACA;DFW;1808.539
ACA;ORD;3016.040
ACA;RIC;3181.486
ACC;LHR;5085.294
ACE;AGP;1207.953
ACE;MAD;1574.475
ACE;SVQ;1182.319
ACT;DFW;143.700
ADB;LGW;2571.659
ADE;AMM;2287.383
ADL;ASP;1313.319
ADL;BNE;1621.158
ADL;CBR;972.426
ADL;DRW;2613.085
ADL;HKG;6838.748
ADL;MEL;642.519
ADL;OLP;518.297
ADL;PER;2119.738
ADL;SIN;5391.883
ADL;SYD;1166.731
AEP;BRC;1336.769
AEP;COR;649.557
AEP;CRD;1463.406
AEP;EZE;31.191
AEP;FTE;2068.557
AEP;IGR;1048.810
AEP;MDZ;980.540
AEP;NQN;996.089
AEP;RGL;2086.330
AEP;SLA;1273.813
AEP;UAQ;990.571
AEP;USH;2380.724
AEX;DFW;457.893
AGJ;OKA;59.670
AGP;CMN;462.759
AGP;CPH;2472.811
AGP;IBZ;571.837
AGP;LGW;1644.189
AGP;LHR;1675.589
AGP;LPA;1409.260
AGP;MAD;431.597
AGP;MLN;208.137
AGP;OVD;775.963
AGP;SDR;751.947
AGP;TFN;1433.812
AGP;TNG;165.294
AGP;VLC;470.891
AGP;VLL;559.380
AGU;DFW;1345.107
AKJ;HND;929.883
AKJ;ITM;1156.279
AKJ;KIX;1198.930
AKL;BNE;2297.792
AKL;CHC;744.819
AKL;HKG;9134.605
AKL;LAX;10467.125
AKL;MEL;2643.570
AKL;SCL;9673.896
AKL;SYD;2164.200
AKL;WLG;479.501
AKL;ZQN;1024.498
ALC;BIO;591.582
ALC;IBZ;180.611
ALC;LGW;1430.018
ALC;LPA;1793.974
ALC;MAD;356.973
ALC;OVD;745.811
ALC;SDR;633.958
ALC;SVQ;479.167
ALC;TFN;1822.601
ALG;LHR;1668.598
ALG;MAD;725.800
ALP;AMM;507.400
ALY;AMM;577.542
AMA;DFW;501.998
AMM;AMS;3405.207
AMM;AQJ;251.985
AMM;ATH;1298.326
AMM;AUH;2000.212
AMM;BAH;1547.500
AMM;BCN;3194.506
AMM;BEY;237.461
AMM;BKK;6848.545
AMM;BOM;3942.084
AMM;BUD;2250.822
AMM;CAI;472.993
AMM;CDG;3385.542
AMM;CMB;5296.007
AMM;DAM;193.485
AMM;DEL;3953.102
AMM;DME;2635.895
AMM;DMM;1462.965
AMM;DOH;1682.124
AMM;DTW;9745.192
AMM;DXB;2024.054
AMM;FCO;2385.674
AMM;FRA;3048.414
AMM;GVA;3022.344
AMM;HKG;7670.756
AMM;IST;1211.279
AMM;JED;1156.203
AMM;JFK;9234.961
AMM;KBP;2110.802
AMM;KRT;1820.576
AMM;KWI;1182.092
AMM;LCA;413.372
AMM;LHR;3687.932
AMM;MAD;3659.405
AMM;MCT;2370.920
AMM;MUC;2749.192
AMM;MXP;2808.906
AMM;ORD;10035.612
AMM;RUH;1288.729
AMM;SAH;1983.662
AMM;SSH;442.927
AMM;TIP;2151.578
AMM;TLV;109.501
AMM;TUN;2431.556
AMM;VIE;2449.325
AMM;YUL;8917.096
AMM;ZRH;2908.834
AMS;BUD;1171.361
AMS;HEL;1525.501
AMS;HKG;9306.672
AMS;LCY;336.091
AMS;LGW;365.761
AMS;LHR;371.332
AMS;MAD;1458.987
AMS;NRT;9342.223
ANF;IQQ;323.277
ANF;LSC;720.950
ANF;SCL;1103.030
ANU;GND;567.855
ANU;LGW;6568.402
ANU;MIA;2140.064
ANU;SJU;468.994
ANU;SKB;100.363
ANU;TAB;670.443
AOJ;CTS;241.445
AOJ;HND;580.746
AOJ;ITM;806.002
AOJ;NGO;736.335
AQJ;CDG;3488.235
AQP;CUZ;312.739
AQP;JUL;180.651
AQP;LIM;764.625
ARI;CPO;958.657
ARI;IQQ;242.613
ARI;SCL;1667.300
ARM;SYD;381.280
ARN;BUD;1362.299
ARN;HEL;400.013
ARN;LHR;1465.757
ARN;MAD;2602.557
ASJ;HND;1235.123
ASJ;ITM;889.369
ASJ;KOJ;386.253
ASJ;OKA;321.175
ASP;AYQ;333.665
ASP;BNE;1968.438
ASP;CNS;1454.493
ASP;DRW;1301.494
ASP;MEL;1857.199
ASP;PER;1979.067
ASP;SYD;2020.837
ATH;BUD;1122.608
ATH;LHR;2430.696
ATH;MAD;2383.166
ATL;AUS;1308.161
ATL;DFW;1177.035
ATL;DTW;956.501
ATL;GUA;2198.303
ATL;IAH;1109.136
ATL;ICT;1257.835
ATL;LGW;6805.943
ATL;MCI;1114.409
ATL;MEX;2140.999
ATL;MIA;956.890
ATL;MSP;1458.986
ATL;OKC;1224.220
ATL;ORD;974.941
ATL;PSP;2960.726
ATL;SAT;1406.867
ATL;SNA;3087.994
ATL;STL;778.976
ATL;TUL;1084.351
AUA;BOS;3310.816
AUA;DFW;3558.673
AUA;JFK;3139.562
AUA;MIA;1823.667
AUA;STL;3535.847
AUH;LHR;5523.103
AUH;MCT;381.168
AUS;BOS;2733.068
AUS;BWI;2159.720
AUS;DCA;2117.038
AUS;DEN;1247.425
AUS;DFW;305.565
AUS;ELP;850.370
AUS;EWR;2419.862
AUS;FLL;1778.394
AUS;HSV;1136.185
AUS;ICT;827.232
AUS;IND;1479.301
AUS;LAS;1753.737
AUS;LAX;1998.094
AUS;MCI;1045.304
AUS;MCO;1599.991
AUS;ORD;1573.365
AUS;PHL;2301.973
AUS;SDF;1409.823
AUS;SJC;2375.326
AUS;SMF;2382.852
AUS;STL;1161.028
AUS;TUS;1282.354
AUS;XNA;744.190
AXA;SJU;312.585
AXT;CTS;372.020
AXT;HND;452.632
AXT;ITM;683.459
AXT;KIX;725.324
AXT;NKM;564.896
AYQ;CNS;1788.034
AYQ;PER;1646.026
AYQ;SYD;2179.612
AYT;LGW;2913.042
AZO;ORD;196.673
BAH;DOH;145.747
BAH;DXB;487.781
BAH;HKG;6403.582
BAH;LHR;5100.021
BBA;PMC;510.142
BBA;SCL;1392.533
BBA;ZCO;797.941
BCI;BNE;891.794
BCI;LRE;105.901
BCI;RMA;480.986
BCN;BJZ;804.138
BCN;BLQ;833.001
BCN;BOG;8516.863
BCN;BOS;5873.389
BCN;CCS;7493.011
BCN;CQM;571.684
BCN;EAS;392.408
BCN;EZE;10457.477
BCN;GIG;8499.112
BCN;GRU;8742.422
BCN;GUA;9168.838
BCN;GYE;9497.326
BCN;HAV;7917.877
BCN;HEL;2631.694
BCN;IAD;6532.706
BCN;IBZ;275.809
BCN;JFK;6166.084
BCN;JNB;7938.922
BCN;LCY;1145.224
BCN;LEI;626.388
BCN;LEN;656.487
BCN;LGW;1108.741
BCN;LHR;1148.188
BCN;LIM;9999.808
BCN;MAD;483.928
BCN;MAH;241.252
BCN;MEX;9496.010
BCN;MIA;7559.148
BCN;MJV;463.263
BCN;MRS;350.841
BCN;MVD;10309.957
BCN;NCE;497.114
BCN;NTE;714.149
BCN;ORD;7112.177
BCN;ORY;825.800
BCN;OVD;713.156
BCN;PNA;349.105
BCN;PTY;8639.246
BCN;RGS;487.219
BCN;RJL;387.100
BCN;SCL;11131.505
BCN;SDQ;7171.865
BCN;SDR;540.289
BCN;SJO;8976.515
BCN;SJU;6864.190
BCN;SLM;637.545
BCN;TNG;931.235
BCN;TRN;626.443
BCN;UIO;9233.183
BCN;VIT;434.575
BCN;VLC;295.847
BCN;VLL;580.286
BDA;JFK;1226.570
BDA;LGW;5552.121
BDA;MIA;1683.070
BDA;PHX;4391.067
BDB;BNE;286.153
BDL;CZM;2726.148
BDL;DFW;2366.978
BDL;MIA;1922.169
BDL;ORD;1260.315
BDL;PLS;2236.384
BDL;RDU;855.704
BDL;SJU;2681.206
BDL;SNA;4034.770
BDL;STL;1540.923
BDL;UVF;3324.990
BEG;LHR;1705.835
BEY;BUD;2034.311
BGI;BOS;3431.143
BGI;JFK;3357.680
BGI;LGW;6760.263
BGI;MIA;2592.283
BGI;SJU;915.705
BHM;DFW;961.079
BHM;IAH;904.662
BHM;MSP;1374.012
BHM;PHX;2341.308
BHM;SAT;1197.918
BIO;BJZ;589.572
BIO;LCG;443.503
BIO;MAD;316.548
BIO;SCQ;450.306
BIO;SVQ;700.535
BIO;VGO;482.609
BIO;VLC;469.497
BJX;DFW;1390.282
BJZ;MAD;330.998
BKI;HKG;1823.050
BKK;BOM;3034.119
BKK;CMB;2393.161
BKK;DXB;4909.130
BKK;HEL;7911.701
BKK;HKG;1713.399
BKK;KHI;3729.775
BKK;KIX;4160.915
BKK;LHR;9588.646
BKK;NGO;4310.678
BKK;NRT;4649.913
BKK;SIN;1409.808
BKK;SYD;7502.012
BKQ;BNE;836.909
BKQ;LRE;160.570
BLL;BRU;621.582
BLL;CDG;872.354
BLL;DUS;519.939
BLL;HEL;1060.521
BLL;LCY;763.479
BLL;MAN;784.643
BLQ;LGW;1128.592
BLQ;MAD;1298.485
BLQ;VLC;1123.024
BLR;HKG;4001.051
BLR;LHR;8071.040
BLT;BNE;602.610
BLT;EMD;64.208
BLT;ZBL;195.067
BME;MEL;3119.071
BME;PER;1687.225
BMI;DFW;1110.041
BMI;ORD;187.059
BNA;BOS;1516.773
BNA;DCA;904.202
BNA;DFW;1015.813
BNA;ELP;1878.897
BNA;LAX;2892.725
BNA;LGA;1229.770
BNA;MIA;1296.994
BNA;OKC;990.630
BNA;ORD;658.489
BNA;SFO;3167.958
BNA;SLC;2259.652
BNA;STL;437.624
BNA;TPA;984.458
BNA;TUS;2275.841
BNA;UVF;3569.514
BNA;YYZ;1031.829
BNE;CBR;954.181
BNE;CNS;1387.694
BNE;CTL;689.359
BNE;DRW;2850.176
BNE;EMD;652.059
BNE;GLT;433.310
BNE;HKG;6911.657
BNE;HVB;230.032
BNE;ISA;1572.075
BNE;KTA;3756.158
BNE;LAX;11525.130
BNE;LDH;738.816
BNE;LRE;990.601
BNE;MEL;1379.220
BNE;MKY;795.645
BNE;MNL;5787.373
BNE;NOU;1451.372
BNE;NRT;7116.075
BNE;NTL;610.855
BNE;PER;3614.315
BNE;RMA;441.041
BNE;ROK;516.921
BNE;SIN;6140.584
BNE;SYD;750.798
BNE;TSV;1109.925
BNE;WLG;2512.091
BNE;ZBL;420.941
BOD;LGW;703.776
BOD;MAD;535.182
BOG;MAD;8033.754
BOG;MIA;2424.190
BOG;SCL;4230.865
BOM;DXB;1927.857
BOM;HEL;5925.743
BOM;HKG;4307.171
BOM;LHR;7221.077
BOM;SYD;10151.939
BON;SJU;739.189
BOS;CMH;1030.438
BOS;DCA;642.197
BOS;DEN;2822.959
BOS;DFW;2513.397
BOS;HDN;3011.578
BOS;IAH;2570.325
BOS;JFK;300.508
BOS;LAS;3831.674
BOS;LAX;4202.311
BOS;LGA;297.074
BOS;LHR;5254.162
BOS;MAD;5487.275
BOS;MIA;2024.974
BOS;NRT;10785.271
BOS;ORD;1394.781
BOS;PLS;2286.328
BOS;RDU;984.792
BOS;SAL;3647.241
BOS;SDQ;2656.490
BOS;SEA;4016.552
BOS;SFO;4351.960
BOS;SJC;4327.271
BOS;SJO;3811.117
BOS;SJU;2694.339
BOS;SLC;3388.375
BOS;SNA;4171.476
BOS;STL;1684.532
BOS;STT;2724.235
BOS;XNA;2111.779
BOS;YYZ;717.715
BRU;BUD;1141.644
BRU;HEL;1650.725
BRU;JFK;5901.580
BRU;LHR;351.600
BRU;MAD;1313.973
BRU;ORD;6693.961
BRU;OVD;1138.055
BSL;LHR;721.491
BTR;DFW;616.466
BUD;CDG;1250.966
BUD;CLJ;343.949
BUD;CPH;1017.869
BUD;DAM;2128.387
BUD;DME;1563.662
BUD;DUB;1919.492
BUD;FCO;836.460
BUD;FRA;838.121
BUD;GOT;1230.835
BUD;GVA;1010.513
BUD;HAM;950.554
BUD;HEL;1480.582
BUD;IST;1046.886
BUD;KBP;911.549
BUD;LCA;1838.039
BUD;LGW;1468.603
BUD;LHR;1493.145
BUD;LJU;390.053
BUD;MAD;1978.108
BUD;MXP;831.504
BUD;ODS;876.163
BUD;OTP;618.242
BUD;PRG;471.649
BUD;PRN;558.440
BUD;SJJ;407.896
BUD;SKG;824.108
BUD;SKP;636.598
BUD;SOF;619.901
BUD;STR;760.145
BUD;SVX;2975.538
BUD;TGD;564.262
BUD;TGM;407.006
BUD;TIA;670.203
BUD;TLV;2165.936
BUD;TSR;241.122
BUD;TXL;712.060
BUD;VAR;817.551
BUD;VCE;571.808
BUD;WAW;540.162
BUD;ZAG;308.355
BUD;ZRH;806.806
BUF;ORD;761.625
BUR;DFW;1981.766
BUR;IAH;2217.430
BUR;IND;2904.227
BUR;ORF;3803.452
BUR;SDF;2951.901
BWI;CCS;3307.840
BWI;DFW;1958.162
BWI;IAH;1987.784
BWI;ICT;1817.485
BWI;JFK;295.749
BWI;KIN;2354.050
BWI;LHR;5848.578
BWI;MCI;1555.514
BWI;MIA;1522.163
BWI;MSY;1606.751
BWI;ORD;1000.153
BWI;SAN;3693.433
BWI;SDQ;2396.665
BWI;SJU;2518.498
BZE;DFW;1913.162
BZE;LAX;3503.815
BZE;MIA;1233.688
BZE;SEA;4538.959
CAI;LHR;3535.863
CAI;MAD;3356.146
CAN;KIX;2457.141
CAN;NGO;2607.158
CAN;NRT;2946.959
CBR;MEL;470.015
CBR;PER;3091.354
CBR;SYD;236.275
CCP;SCL;428.578
CCS;DFW;3942.355
CCS;JFK;3394.295
CCS;MAD;7009.806
CCS;MIA;2188.613
CCS;PHL;3343.656
CCS;SCL;4885.242
CCS;SJU;873.517
CCU;LHR;7996.934
CDG;DFW;7962.625
CDG;HEL;1900.066
CDG;HKG;9624.070
CDG;JFK;5849.491
CDG;LHR;348.229
CDG;MIA;7384.878
CDG;NGO;9674.928
CDG;NRT;9733.829
CDG;ORD;6682.783
CEB;HKG;1689.296
CFE;MAD;803.225
CFS;SYD;441.675
CGK;HKG;3251.479
CGK;NRT;5824.978
CGK;SYD;5517.408
CHA;DFW;1118.440
CHA;ORD;805.819
CHC;ROT;677.298
CHC;SYD;2128.996
CHC;ZQN;347.415
CHS;DFW;1588.602
CID;DFW;1102.834
CID;LGA;1495.673
CID;ORD;315.819
CID;STL;366.379
CIX;LIM;651.091
CJA;LIM;560.711
CJC;SCL;1221.369
CKG;HKG;1114.914
CLE;DFW;1643.264
CLE;JFK;683.933
CLE;LGA;673.670
CLE;ORD;507.874
CLL;DFW;263.785
CLO;MIA;2497.206
CLT;DFW;1506.296
CLT;MIA;1046.237
CLT;ORD;964.510
CLT;SAT;1762.478
CLT;SJD;3086.524
CLT;SLC;2779.690
CLT;STL;925.830
CLT;YYC;3176.705
CMB;HKG;4041.039
CMB;SIN;2751.898
CMH;DEN;1857.345
CMH;DFW;1490.316
CMH;LGA;770.363
CMH;MIA;1593.801
CMH;ORD;475.638
CMH;PDX;3272.670
CMH;RDU;582.371
CMI;DFW;1114.489
CMI;ORD;217.646
CMN;MAD;867.986
CMN;VLC;930.909
CNF;MIA;6378.398
CNS;DRW;1677.294
CNS;GOV;1089.807
CNS;HID;791.199
CNS;HKG;5534.427
CNS;HTI;511.325
CNS;MEL;2305.210
CNS;MKY;595.755
CNS;PER;3433.275
CNS;SYD;1966.130
CNS;TSV;282.911
CNS;WEI;621.778
COR;SCL;660.140
COS;DAY;1765.713
COS;DFW;952.716
COS;IAD;2355.497
COS;IAH;1301.612
COS;MCI;865.799
COS;MEM;1374.967
COS;RDU;2311.262
COS;SDF;1653.098
CPH;HEL;894.736
CPH;LHR;981.897
CPH;MAD;2060.328
CPO;IQQ;716.216
CPO;LSC;343.869
CPO;SCL;712.697
CPT;DUR;1247.458
CPT;JNB;1270.569
CPT;LHR;9646.703
CQM;LPA;1621.786
CRP;DFW;570.033
CSX;HKG;658.027
CTA;LGW;1939.463
CTL;RMA;250.941
CTS;FUK;1415.419
CTS;GAJ;497.237
CTS;HIJ;1198.923
CTS;HKG;3409.172
CTS;HNA;374.584
CTS;HND;818.662
CTS;ITM;1039.451
CTS;KIX;1082.091
CTS;MMB;235.089
CTS;NGO;975.511
CTS;NRT;786.381
CTS;SDJ;518.908
CTS;UKB;1063.907
CTU;HKG;1370.829
CUN;DFW;1654.591
CUN;JFK;2501.998
CUN;MCO;993.535
CUN;MIA;854.524
CUN;ORD;2324.066
CUN;SCL;6260.933
CUN;SJU;2205.322
CUR;MIA;1918.760
CUU;DFW;972.100
CUZ;IQT;1088.876
CUZ;JUL;287.227
CUZ;LIM;586.361
CUZ;PEM;311.121
CUZ;TCQ;530.664
CVG;DFW;1306.169
CVG;MIA;1525.966
CVG;ORD;425.493
CWA;ORD;340.991
CZM;DCA;2242.346
CZM;DFW;1698.503
CZM;MIA;895.430
DAC;HKG;2441.425
DAC;LHR;8028.502
DAL;ORD;1284.645
DAR;LHR;7491.391
DAY;DFW;1385.775
DAY;LAS;2736.239
DAY;MSY;1229.118
DAY;ONT;3023.642
DAY;STL;545.493
DBO;SYD;309.548
DBQ;ORD;236.392
DBV;LGW;1693.317
DCA;DEN;2375.097
DCA;DFW;1918.314
DCA;IAH;1943.619
DCA;JFK;342.614
DCA;KIN;2318.260
DCA;LAS;3361.478
DCA;LAX;3719.174
DCA;MIA;1479.841
DCA;MSP;1497.657
DCA;MSY;1559.934
DCA;ORD;984.650
DCA;PHX;3184.517
DCA;PLS;1947.299
DCA;RDU;364.669
DCA;SAN;3662.573
DCA;SEA;3747.422
DCA;STL;1157.225
DCA;TPA;1309.443
DCA;TUL;1688.991
DCA;TUS;3146.756
DEL;HEL;5229.140
DEL;HKG;3779.457
DEL;LHR;6744.077
DEL;NRT;5920.667
DEL;ORD;12044.107
DEN;DFW;1031.945
DEN;DTW;1806.843
DEN;IND;1571.587
DEN;LAX;1387.031
DEN;LGA;2606.444
DEN;LHR;7516.463
DEN;MFE;1631.311
DEN;MIA;2750.301
DEN;ORD;1429.574
DEN;STL;1238.552
DEN;TPA;2424.461
DEN;VVI;7686.914
DFW;DSM;1004.031
DFW;DTW;1587.328
DFW;EGE;1159.888
DFW;ELP;887.115
DFW;EVV;1033.361
DFW;EWR;2208.483
DFW;EZE;8506.276
DFW;FAT;2113.425
DFW;FLL;1800.792
DFW;FRA;8276.345
DFW;FSM;365.946
DFW;FWA;1382.401
DFW;GCM;2170.078
DFW;GDL;1505.621
DFW;GGG;225.582
DFW;GJT;1243.381
DFW;GPT;804.311
DFW;GRK;216.201
DFW;GRR;1498.480
DFW;GRU;8225.616
DFW;GSO;1607.932
DFW;GSP;1387.226
DFW;GUA;2132.777
DFW;GUC;1091.562
DFW;HDN;1237.776
DFW;HNL;6090.527
DFW;HOU;397.491
DFW;HSV;969.670
DFW;IAD;1885.734
DFW;IAH;360.927
DFW;ICT;528.546
DFW;IND;1224.759
DFW;JAC;1684.269
DFW;JAN;656.633
DFW;JAX;1478.059
DFW;JFK;2238.689
DFW;LAS;1698.241
DFW;LAW;225.093
DFW;LAX;1987.434
DFW;LBB;453.739
DFW;LEX;1262.820
DFW;LFT;564.706
DFW;LGA;2235.105
DFW;LHR;7644.721
DFW;LIR;2736.055
DFW;LIT;489.779
DFW;LRD;637.563
DFW;MAF;497.065
DFW;MBJ;2487.523
DFW;MCI;740.336
DFW;MCO;1584.821
DFW;MEM;694.439
DFW;MEX;1504.972
DFW;MFE;753.979
DFW;MIA;1803.897
DFW;MKE;1373.047
DFW;MLI;1111.420
DFW;MLU;470.764
DFW;MOB;867.789
DFW;MSN;1321.411
DFW;MSP;1370.637
DFW;MSY;720.202
DFW;MTJ;1161.525
DFW;MTY;843.270
DFW;NAS;2092.453
DFW;NRT;10343.919
DFW;OGG;5971.602
DFW;OKC;281.710
DFW;OMA;938.414
DFW;ONT;1912.448
DFW;ORD;1290.337
DFW;ORF;1951.255
DFW;PBI;1774.237
DFW;PDX;2600.346
DFW;PHL;2096.473
DFW;PHX;1396.807
DFW;PIA;1082.071
DFW;PIT;1717.912
DFW;PNS;971.506
DFW;POS;4406.517
DFW;PSP;1812.213
DFW;PTY;3202.406
DFW;PVR;1579.573
DFW;RDU;1707.995
DFW;RIC;1863.024
DFW;RNO;2164.408
DFW;ROW;700.722
DFW;RSW;1635.923
DFW;SAN;1884.401
DFW;SAT;397.032
DFW;SAV;1489.079
DFW;SBA;2117.284
DFW;SCL;7836.002
DFW;SDF;1179.110
DFW;SEA;2671.054
DFW;SFO;2356.719
DFW;SGF;586.018
DFW;SHV;305.417
DFW;SJC;2314.940
DFW;SJD;1647.281
DFW;SJO;2857.324
DFW;SJT;368.240
DFW;SJU;3484.427
DFW;SLC;1591.076
DFW;SLP;1240.050
DFW;SMF;2302.885
DFW;SNA;1939.027
DFW;SPS;181.501
DFW;STL;885.270
DFW;TAM;1177.458
DFW;TPA;1494.668
DFW;TRC;1021.039
DFW;TUL;381.136
DFW;TUS;1308.412
DFW;TXK;290.812
DFW;TYR;164.872
DFW;TYS;1241.745
DFW;VPS;1031.491
DFW;XNA;451.375
DFW;YUL;2435.005
DFW;YVR;2822.167
DFW;YYC;2451.417
DFW;YYZ;1929.988
DFW;ZIH;1751.386
DKR;LPA;1476.741
DKR;MAD;3158.150
DLC;HKG;1973.712
DLC;KIX;1322.190
DLC;NRT;1703.715
DME;LHR;2552.951
DME;MAD;3443.816
DME;NRT;7532.102
DME;ORD;8064.880
DOH;LHR;5245.627
DOM;SJU;594.202
DPO;MEL;411.494
DPS;HKG;3437.550
DPS;KIX;5227.159
DPS;NRT;5592.104
DRW;GOV;646.821
DRW;PER;2646.708
DRW;SYD;3150.463
DSM;LGA;1659.688
DSM;ORD;481.350
DSM;STL;417.543
DTW;GCM;2548.047
DTW;LGA;807.123
DTW;MIA;1842.747
DTW;OKC;1447.897
DTW;ORD;377.387
DTW;PDX;3143.407
DTW;SLC;2384.068
DTW;TUS;2678.532
DTW;YUL;852.868
DTW;YYC;2523.770
DUB;LCY;479.661
DUB;LGW;485.694
DUB;MAD;1451.550
DUB;ORD;5911.946
DUR;JNB;500.871
DUS;HEL;1511.557
DUS;LHR;503.453
DUS;MAD;1440.229
DXB;HKG;5957.141
DXB;LHR;5504.882
EAS;MAD;350.440
EBB;LHR;6483.464
EDI;LCY;543.820
EDI;LGW;574.409
EDI;LHR;533.492
EGE;JFK;2809.501
EGE;LAX;1203.459
EGE;LGA;2799.411
EGE;MIA;2913.590
EGE;ORD;1621.624
EIS;SJU;154.114
ELP;LAX;1149.787
ELP;MCO;2439.233
ELP;MFE;1008.657
ELP;ORD;1989.408
ELP;PHL;2934.755
ELP;SAT;798.398
ELP;STL;1644.070
ELP;TPA;2337.080
ELP;TUL;1083.694
EVV;ORD;438.801
EWR;LAX;3949.766
EWR;LHR;5576.578
EWR;MIA;1746.939
EWR;MSP;1622.599
EWR;ORD;1157.408
EWR;PHX;3432.603
EWR;SEA;3864.999
EWR;STL;1403.741
EYW;MIA;201.762
EZE;FLN;1237.339
EZE;GRU;1721.262
EZE;GYE;4238.801
EZE;JFK;8499.917
EZE;LAX;9840.177
EZE;LHR;11110.561
EZE;MAD;10061.920
EZE;MIA;7089.982
EZE;MVD;229.157
EZE;PUJ;5999.173
EZE;SCL;1140.630
EZE;SYD;11789.684
FAO;LGW;1687.105
FAT;HSV;2976.053
FAT;LAX;336.161
FAT;MEX;2782.116
FCO;HEL;2234.936
FCO;HKG;9319.256
FCO;JFK;6884.051
FCO;LGW;1407.474
FCO;LHR;1446.267
FCO;MAD;1333.887
FCO;NRT;9928.147
FDF;SJU;682.626
FKS;ITM;525.274
FKS;KIX;561.694
FKS;OKA;1718.550
FLL;IND;1617.539
FLL;JFK;1719.818
FLL;KIN;965.504
FLL;LAX;3769.641
FLL;ORD;1901.951
FLL;PAP;1158.686
FLL;SFO;4157.480
FLL;SJO;1830.260
FLL;STL;1700.210
FLN;SCL;2221.425
FNT;ORD;359.291
FOC;HKG;685.184
FPO;MIA;180.596
FRA;HEL;1543.069
FRA;HKG;9188.785
FRA;LCY;620.622
FRA;LHR;655.192
FRA;MAD;1419.770
FRA;NRT;9391.733
FRA;ORD;6989.394
FRA;SCL;12079.797
FRA;SIN;10284.653
FRA;SYD;16494.374
FRA;ZAZ;1188.688
FTE;USH;567.912
FUE;MAD;1634.078
FUE;SVQ;1241.531
FUK;HKG;2024.791
FUK;HND;883.044
FUK;ITM;478.581
FUK;KCZ;298.895
FUK;KIX;452.650
FUK;KMI;211.318
FUK;MYJ;210.199
FUK;NGO;602.211
FUK;NKM;623.077
FUK;NRT;941.644
FUK;OKA;862.696
FUK;SDJ;1070.921
FUK;TPE;1299.081
FWA;ORD;252.101
GAJ;HND;321.687
GAJ;ITM;597.128
GAJ;NKM;466.077
GCM;LHR;7729.062
GCM;MIA;728.128
GCM;NAS;752.149
GGT;MIA;524.182
GIB;LGW;1716.327
GIG;JFK;7702.619
GIG;LHR;9227.974
GIG;MAD;8123.449
GIG;MIA;6698.777
GIG;SCL;2937.829
GLA;LCY;569.057
GLA;LGW;596.102
GLA;LHR;554.866
GLT;MKY;365.288
GLT;ROK;93.487
GMP;HND;1182.997
GMP;KIX;836.910
GND;LGW;7007.754
GND;MIA;2470.235
GND;SJU;843.714
GOA;LGW;1007.713
GOA;MAD;1107.935
GOT;HEL;785.319
GRB;MQT;232.071
GRB;ORD;279.056
GRR;ORD;220.147
GRU;JFK;7635.695
GRU;LHR;9435.286
GRU;LIM;3477.111
GRU;MAD;8355.187
GRU;MIA;6553.207
GRU;NRT;18489.828
GRU;SCL;2617.100
GRX;LPA;1495.179
GRX;MAD;367.325
GRX;MLN;224.305
GRX;TFN;1519.331
GSO;MIA;1142.916
GUA;MAD;8719.262
GUA;MIA;1636.904
GUC;ORD;1660.107
GUM;KIX;2512.596
GUM;NRT;2507.371
GVA;HEL;1994.196
GVA;LCY;734.539
GVA;LGW;715.848
GVA;LHR;755.655
GVA;MAD;1009.869
GYE;JFK;4779.377
GYE;LIM;1132.863
GYE;MAD;9013.689
GYE;MIA;3092.620
GYE;SCL;3585.404
HAM;HEL;1171.755
HAM;LHR;747.355
HAN;HKG;875.887
HAN;KIX;3231.832
HAN;NRT;3723.286
HAV;MAD;7474.257
HAV;SCL;6360.071
HBA;MEL;616.441
HBA;SYD;1037.216
HDN;ORD;1624.306
HEL;HKG;7835.313
HEL;ICN;7050.343
HEL;IVL;931.484
HEL;JFK;6625.720
HEL;JOE;359.756
HEL;JYV;235.166
HEL;KAJ;464.279
HEL;KAO;667.426
HEL;KBP;1171.146
HEL;KIX;7750.348
HEL;KOK;391.116
HEL;KTT;823.162
HEL;KUO;335.206
HEL;LED;300.659
HEL;LHR;1852.672
HEL;LIS;3369.296
HEL;MAD;2950.199
HEL;MAN;1817.182
HEL;MUC;1577.232
HEL;MXP;1953.136
HEL;NGO;7780.062
HEL;NRT;7849.228
HEL;OSL;766.319
HEL;OTP;1753.672
HEL;OUL;514.527
HEL;PEK;6324.732
HEL;PRG;1322.161
HEL;PVG;7409.751
HEL;RIX;382.376
HEL;RVN;697.751
HEL;STR;1638.946
HEL;SVO;876.442
HEL;SVX;2098.087
HEL;TKU;150.399
HEL;TLL;100.971
HEL;TMP;142.796
HEL;TXL;1121.359
HEL;VAA;348.495
HEL;VIE;1462.185
HEL;VNO;633.218
HEL;WAW;940.422
HEL;ZRH;1781.397
HGH;HKG;1075.182
HGH;KIX;1468.573
HGH;NRT;1958.877
HIJ;HND;638.296
HKD;HND;696.132
HKG;HKT;2315.298
HKG;HND;2880.486
HKG;ICN;2050.682
HKG;JFK;12986.424
HKG;JNB;10697.796
HKG;KHH;634.163
HKG;KHI;4785.276
HKG;KIX;2453.579
HKG;KMG;1204.919
HKG;KTM;2964.101
HKG;KUL;2551.039
HKG;KWL;531.756
HKG;LAX;11663.670
HKG;LHR;9663.093
HKG;MAA;3743.989
HKG;MEL;7374.682
HKG;MNL;1124.876
HKG;NGB;1104.391
HKG;NGO;2602.470
HKG;NKG;1142.150
HKG;NRT;2940.267
HKG;PEK;1982.534
HKG;PEN;2406.191
HKG;PER;6006.588
HKG;PNH;1551.975
HKG;PUS;2021.665
HKG;PVG;1236.031
HKG;RMQ;691.803
HKG;RUH;6820.252
HKG;SFO;11127.454
HKG;SGN;1504.641
HKG;SHE;2279.425
HKG;SIN;2568.859
HKG;SUB;3288.181
HKG;SYD;7356.282
HKG;SYX;668.359
HKG;TAO;1657.693
HKG;TPE;780.067
HKG;WUH;938.240
HKG;XIY;1445.784
HKG;XMN;471.573
HKG;YVR;10271.099
HKG;YYZ;12562.919
HNA;ITM;722.148
HNA;KIX;762.920
HNA;NGO;636.390
HND;ISG;1947.156
HND;ITM;404.524
HND;IZO;625.306
HND;KCZ;603.242
HND;KIX;432.194
HND;KKJ;822.984
HND;KMI;872.760
HND;KMJ;875.603
HND;KMQ;318.256
HND;KOJ;936.900
HND;KUH;914.064
HND;MMB;997.783
HND;MMY;1832.403
HND;MSJ;588.433
HND;MYJ;676.211
HND;NGS;954.309
HND;OBO;850.599
HND;OIT;773.186
HND;OKA;1554.001
HND;OKJ;546.896
HND;SHA;1779.860
HND;SHM;455.971
HND;TAK;547.367
HND;TKS;498.589
HND;UBJ;798.744
HND;UKB;427.726
HNL;KIX;6624.471
HNL;LAX;4113.264
HNL;MCO;7655.212
HNL;MIA;7824.692
HNL;NGO;6477.369
HNL;NRT;6145.611
HNL;ORD;6829.369
HNL;SFO;3860.052
HNL;SYD;8153.343
HPN;ORD;1187.978
HRE;JNB;955.002
HSV;LAS;2575.052
HSV;MCI;875.359
HSV;ORD;820.845
HYD;LHR;7746.488
IAD;LAX;3682.214
IAD;LHR;5917.085
IAD;MAD;6140.977
IAD;MFE;2401.516
IAD;MIA;1482.338
IAD;SAT;2191.810
IAD;SNA;3646.086
IAD;STL;1120.425
IAD;XNA;1514.571
IAH;LGA;2279.447
IAH;LHR;7779.391
IAH;MCO;1374.553
IAH;MIA;1551.574
IAH;MSP;1663.845
IAH;ORD;1488.783
IAH;PHX;1623.829
IAH;TPA;1267.260
IBZ;MAD;460.319
IBZ;MAH;268.699
IBZ;ORY;1097.523
IBZ;PMI;139.283
IBZ;VLC;174.259
ICN;KIX;861.382
ICN;NGO;975.093
ICN;NRT;1259.739
ICN;TPE;1460.245
ICT;MEM;728.928
ICT;ORD;946.057
ICT;SJD;1990.239
ICT;STL;630.428
IGR;MVD;1019.920
IND;MIA;1642.381
IND;ORD;285.471
IND;PHL;946.278
IND;STL;367.930
IPC;PPT;4254.498
IPC;SCL;3759.142
IQQ;LPB;492.177
IQQ;SCL;1425.909
IQQ;SLA;679.322
IQQ;VVI;807.425
IQT;LIM;1002.797
ISG;KIX;1547.970
ISG;MMY;122.306
ISG;OGN;123.399
ISG;OKA;404.255
ISG;UKB;1561.784
IST;LHR;2518.771
IST;MAD;2720.098
ITM;KIJ;449.331
ITM;KMI;491.864
ITM;KMJ;476.133
ITM;KOJ;549.944
ITM;MSJ;838.931
ITM;NGS;551.593
ITM;NRT;463.065
ITM;OKA;1210.005
ITM;SDJ;616.000
IVL;KTT;146.662
JAC;ORD;1870.903
JAX;MEX;2135.858
JAX;MIA;538.695
JAX;OKC;1581.866
JAX;OMA;1751.522
JAX;ORD;1390.489
JAX;STL;1212.198
JER;LGW;258.992
JFK;LAS;3617.800
JFK;LAX;3983.035
JFK;LGW;5583.901
JFK;LHR;5554.502
JFK;LIM;5839.922
JFK;MAD;5775.596
JFK;MBJ;2485.436
JFK;MCO;1519.192
JFK;MIA;1753.544
JFK;MXP;6429.892
JFK;NRT;10854.673
JFK;ORD;1190.868
JFK;PAP;2449.427
JFK;PIT;546.693
JFK;PLS;2096.632
JFK;PUJ;2500.948
JFK;RDU;686.451
JFK;SAN;3936.339
JFK;SCL;8202.265
JFK;SDQ;2493.176
JFK;SEA;3896.899
JFK;SFO;4161.965
JFK;SJO;3547.618
JFK;SJU;2570.958
JFK;SKB;2795.723
JFK;STI;2373.240
JFK;STL;1436.307
JFK;STT;2611.953
JFK;SXM;2705.662
JFK;SYD;16012.817
JFK;TPA;1617.442
JFK;UVF;3232.697
JFK;YHZ;962.679
JFK;YUL;536.675
JFK;YVR;3940.706
JFK;YYZ;589.438
JFK;ZRH;6326.524
JNB;LHR;9045.380
JNB;LVI;954.269
JNB;MAD;8077.794
JNB;MRU;3070.258
JNB;PLZ;905.779
JNB;SYD;11043.893
JNB;VFA;924.512
JNB;WDH;1166.416
JUL;LIM;843.231
KAJ;OUL;132.984
KBP;LHR;2192.079
KCZ;NKM;354.212
KCZ;OKA;1000.750
KGI;PER;538.047
KHH;NRT;2427.711
KIJ;NKM;320.779
KIN;LGW;7545.089
KIN;MIA;942.199
KIX;KUL;4935.907
KIX;LHR;9554.244
KIX;MMB;1299.845
KIX;MMY;1438.195
KIX;OKA;1168.840
KIX;PEK;1765.703
KIX;PUS;582.801
KIX;PVG;1309.576
KIX;SIN;4893.603
KIX;TPE;1703.527
KKJ;OKA;908.666
KMJ;NGO;594.457
KMJ;NKM;621.085
KMQ;OKA;1403.609
KOA;LAX;4029.652
KOA;NRT;6402.530
KOJ;NGO;660.009
KOJ;TKN;474.240
KOJ;UKB;524.115
KRK;LGW;1414.502
KRK;MAD;2106.097
KTA;PER;1246.551
KTD;MMD;12.600
KTD;OKA;369.364
KUL;NRT;5402.703
KUL;SIN;297.312
KWI;LHR;4681.571
LAD;LHR;6812.919
LAS;LAX;380.154
LAS;MCI;1833.602
LAS;MCO;3281.913
LAS;MFE;1946.659
LAS;MIA;3499.396
LAS;ORD;2437.007
LAS;SJU;5181.423
LAS;STL;2206.964
LAS;YUL;3604.033
LAX;LHR;8780.385
LAX;LIH;4208.679
LAX;LIM;6705.962
LAX;MAN;8550.411
LAX;MCI;2194.069
LAX;MCO;3569.066
LAX;MEL;12747.745
LAX;MIA;3768.946
LAX;MRY;428.617
LAX;MSP;2471.025
LAX;MSY;2688.095
LAX;NRT;8772.916
LAX;OGG;4000.047
LAX;OKC;1910.397
LAX;ORD;2807.676
LAX;PBI;3749.308
LAX;RDU;3602.538
LAX;RSW;3602.129
LAX;SAL;3732.845
LAX;SAN;175.624
LAX;SBA;142.521
LAX;SCL;8962.390
LAX;SFO;543.042
LAX;SJC;495.548
LAX;SJD;1465.782
LAX;SJU;5449.684
LAX;STL;2562.212
LAX;SYD;12050.557
LAX;TPA;3472.829
LAX;XNA;2206.717
LAX;YYZ;3501.168
LCA;LHR;3283.181
LCG;MAD;506.475
LCG;ZAZ;629.684
LCY;LYS;741.761
LCY;MAD;1255.295
LCY;NCE;1024.214
LCY;WAW;1438.356
LCY;ZRH;761.285
LDH;SYD;786.815
LED;LHR;2119.554
LEI;MAD;418.293
LEI;MLN;181.406
LEN;MAD;290.101
LGA;MCO;1528.715
LGA;MIA;1764.764
LGA;MSN;1306.708
LGA;MSP;1642.020
LGA;ORD;1180.076
LGA;PBI;1665.048
LGA;PHX;3457.811
LGA;PIT;538.899
LGA;PSP;3818.994
LGA;RDU;692.904
LGA;SAT;2552.040
LGA;SEA;3882.794
LGA;SNA;3940.889
LGA;STL;1429.296
LGA;XNA;1845.566
LGA;YUL;521.508
LGA;YYZ;574.000
LGW;LUX;485.538
LGW;MAD;1212.593
LGW;MAN;283.710
LGW;MCO;7005.135
LGW;MLA;2063.591
LGW;MRS;949.259
LGW;NAP;1594.040
LGW;PFO;3190.549
LGW;PMI;1308.434
LGW;POS;7100.108
LGW;PRN;1868.437
LGW;PSA;1149.526
LGW;SKB;6617.321
LGW;SKG;2138.271
LGW;SZG;1024.788
LGW;TAB;7017.811
LGW;TIA;1867.812
LGW;TLS;844.087
LGW;TPA;7124.831
LGW;TRN;880.668
LGW;TUN;1790.798
LGW;UVF;6801.815
LGW;VAR;2280.729
LGW;VCE;1119.579
LGW;VRN;1040.018
LGW;ZRH;755.382
LHR;LIN;982.694
LHR;LIS;1564.738
LHR;LOS;4989.954
LHR;LUN;7914.685
LHR;LYS;758.907
LHR;MAA;8241.804
LHR;MAD;1244.050
LHR;MAN;242.503
LHR;MCT;5840.508
LHR;MEL;16903.472
LHR;MEX;8916.906
LHR;MIA;7121.237
LHR;MRU;9764.970
LHR;MUC;944.342
LHR;MXP;938.343
LHR;NAS;6988.002
LHR;NBO;6565.576
LHR;NCE;1042.513
LHR;NCL;404.600
LHR;NRT;9614.799
LHR;ORD;6361.299
LHR;OSL;1207.405
LHR;OTP;2110.483
LHR;PEK;8174.953
LHR;PHL;5704.817
LHR;PHX;8482.670
LHR;PLS;6893.369
LHR;PRG;1047.518
LHR;PVG;9261.879
LHR;RDU;6231.111
LHR;SEA;7724.881
LHR;SFO;8637.930
LHR;SIN;10887.785
LHR;SOF;2045.400
LHR;STR;758.497
LHR;SYD;17015.550
LHR;TIP;2365.454
LHR;TLV;3593.449
LHR;TXL;950.071
LHR;VCE;1154.139
LHR;VIE;1278.820
LHR;WAW;1474.154
LHR;YUL;5229.451
LHR;YVR;7601.464
LHR;YYC;7036.637
LHR;YYZ;5723.276
LHR;ZRH;790.139
LIH;SJU;9593.711
LIL;MAD;1232.704
LIM;LPB;1083.133
LIM;MAD;9519.673
LIM;MDE;2019.742
LIM;MEX;4231.242
LIM;MIA;4197.337
LIM;PCL;489.761
LIM;PEM;860.225
LIM;PIU;846.560
LIM;SCL;2452.867
LIM;TBP;1003.431
LIM;TCQ;992.701
LIM;TPP;615.147
LIM;TRU;487.570
LIM;UIO;1322.559
LIM;VVI;1627.265
LIN;MAD;1181.483
LIR;MIA;1771.115
LIR;YYZ;3710.574
LIS;MAD;514.377
LIS;VLC;752.100
LIS;ZAZ;759.370
LIT;ORD;888.521
LOS;MAD;3819.104
LPA;MAD;1765.034
LPA;SCQ;1775.246
LPA;SDR;2008.435
LPA;VLC;1879.835
LPB;MIA;4860.197
LPB;SCL;1887.839
LPB;VVI;552.614
LRM;MIA;1426.823
LRM;SJU;307.405
LSC;SCL;387.482
LSE;ORD;345.560
LST;MEL;475.611
LYS;MAD;912.615
MAD;MAH;666.582
MAD;MEX;9080.284
MAD;MIA;7119.701
MAD;MJV;384.407
MAD;MLN;581.166
MAD;MPL;710.946
MAD;MRS;797.328
MAD;MUC;1498.061
MAD;MVD;9922.389
MAD;MXP;1150.896
MAD;NAP;1507.520
MAD;NCE;958.142
MAD;NTE;756.413
MAD;OPO;439.166
MAD;ORD;6761.694
MAD;ORY;1027.843
MAD;OTP;2465.105
MAD;OVD;397.504
MAD;PMI;547.257
MAD;PNA;299.203
MAD;PRG;1751.778
MAD;PSA;1206.396
MAD;PTY;8163.058
MAD;RAK;1064.714
MAD;RJL;241.338
MAD;RNS;854.353
MAD;SCL;10699.279
MAD;SCQ;483.735
MAD;SDQ;6698.030
MAD;SDR;326.503
MAD;SJO;8507.215
MAD;SJU;6386.657
MAD;SPC;1846.930
MAD;SSG;4251.548
MAD;SVQ;396.490
MAD;SXB;1259.013
MAD;TFN;1771.459
MAD;TFS;1823.748
MAD;TLS;536.346
MAD;TLV;3551.410
MAD;TNG;567.746
MAD;TRN;1054.125
MAD;TXL;1854.220
MAD;UIO;8749.742
MAD;VCE;1409.270
MAD;VGO;465.224
MAD;VIE;1808.516
MAD;VIT;274.472
MAD;VLC;286.092
MAD;WAW;2273.920
MAD;XRY;469.346
MAD;ZAZ;248.966
MAD;ZRH;1240.518
MAH;PMI;132.375
MAH;VLC;405.352
MAN;ORD;6157.329
MAR;MIA;1912.486
MBJ;MIA;843.512
MBJ;MSY;1783.733
MBJ;SNA;4302.413
MCI;MCO;1725.904
MCI;MSP;632.407
MCI;ORD;648.128
MCI;SLC;1480.178
MCI;YYZ;1347.874
MCO;MIA;309.047
MCO;MSP;2108.463
MCO;ORD;1617.409
MCO;PHX;2975.149
MCO;SAN;3458.130
MCO;SDQ;1623.309
MCO;SFO;3936.267
MCO;SJU;1912.854
MCO;STL;1418.652
MDE;MIA;2233.021
MDE;UIO;775.960
MDZ;SCL;196.149
MEL;MQL;455.927
MEL;PER;2706.128
MEL;PVG;7985.672
MEL;SIN;6023.938
MEL;SYD;705.925
MEL;WLG;2595.684
MEM;MIA;1383.136
MEM;ORD;790.794
MEM;PDX;2983.771
MEM;SAN;2522.582
MEM;SJC;2871.435
MEM;SLC;2030.603
MEX;MIA;2052.660
MEX;NRT;11271.712
MEX;ORD;2712.728
MEX;SCL;6573.224
MEX;SDF;2444.809
MEX;YVR;3940.772
MEX;YYZ;3242.474
MFE;OKC;1023.668
MFE;OMA;1691.695
MFE;PBI;1809.168
MGA;MIA;1632.218
MGA;TPA;1793.307
MHH;MIA;330.387
MIA;MSP;2415.174
MIA;MSY;1085.564
MIA;MVD;7181.440
MIA;NAS;296.175
MIA;ORD;1926.440
MIA;ORF;1290.501
MIA;PAP;1147.501
MIA;PHL;1630.553
MIA;PHX;3173.274
MIA;PIT;1630.131
MIA;PLS;930.874
MIA;POP;1200.568
MIA;POS;2610.556
MIA;PTY;1853.172
MIA;PUJ;1466.111
MIA;RDU;1127.159
MIA;REC;6177.786
MIA;RIC;1328.602
MIA;RNO;3964.850
MIA;RSW;167.974
MIA;SAL;1646.327
MIA;SAP;1393.187
MIA;SAV;707.634
MIA;SCL;6626.768
MIA;SDF;1465.378
MIA;SDQ;1364.915
MIA;SFO;4160.239
MIA;SJO;1796.881
MIA;SJU;1682.420
MIA;SKB;2045.144
MIA;SNA;3717.264
MIA;SRQ;286.974
MIA;SSA;6245.199
MIA;STI;1220.748
MIA;STL;1719.479
MIA;STT;1781.492
MIA;STX;1833.691
MIA;SXM;1969.247
MIA;TGU;1486.644
MIA;TLH;647.487
MIA;TPA;328.787
MIA;UIO;2875.906
MIA;UVF;2421.624
MIA;VVI;5151.910
MIA;YUL;2260.444
MIA;YVR;4507.533
MIA;YYZ;1984.877
MKE;MQT;399.501
MKE;ORD;107.597
MKE;STL;510.710
MKY;ROK;278.789
MKY;TSV;329.844
MLI;ORD;224.454
MLN;PMI;691.210
MLN;SVQ;354.637
MLN;VLC;515.972
MMD;OKA;364.179
MMY;OKA;283.482
MMY;TRA;61.986
MNL;NRT;3046.129
MNL;SYD;6242.856
MPN;PUQ;853.316
MPN;RGL;750.637
MPN;SCL;2276.646
MQT;ORD;506.952
MRZ;NAA;90.944
MRZ;SYD;508.993
MSN;ORD;174.588
MSN;STL;495.322
MSP;OKC;1117.286
MSP;ORD;537.760
MSP;PHL;1577.890
MSP;SFO;2557.046
MSP;STL;721.116
MSP;TUL;990.200
MSP;YYZ;1091.915
MSY;ORD;1346.513
MSY;RDU;1254.286
MSY;SLC;2298.599
MSY;SNA;2637.373
MSY;STL;971.252
MSY;TUS;1985.110
MSY;YYZ;1786.697
MTJ;ORD;1740.026
MTY;OMA;1765.172
MTY;TPA;1761.496
MVD;SCL;1369.460
MXP;NRT;9771.982
MYJ;NKM;418.825
MYJ;OKA;976.014
NAA;SYD;421.856
NAS;PLS;642.780
NEV;SJU;386.605
NGO;NRT;340.809
NGO;OKA;1300.601
NGO;PVG;1459.444
NGO;SDJ;517.838
NGO;TPE;1849.362
NGO;TSN;1791.883
NGS;NKM;696.838
NKM;OBO;992.530
NOU;SYD;1979.646
NRT;ORD;10097.351
NRT;PEK;2139.974
NRT;PER;7916.108
NRT;PUS;1040.501
NRT;PVG;1798.729
NRT;SFO;8246.444
NRT;SGN;4380.844
NRT;SIN;5349.645
NRT;SYD;7797.990
NRT;TAO;1801.693
NRT;TPE;2182.172
NRT;XMN;2470.022
NRT;YVR;7522.043
OGG;SJU;9343.530
OGN;OKA;507.453
OKA;OKJ;1120.181
OKA;RNJ;120.387
OKA;UEO;94.931
OKA;UKB;1184.399
OKC;ORD;1114.987
OKC;PBI;1925.687
OKC;PDX;2388.482
OKC;PHX;1341.325
OKC;SAT;654.866
OKC;SJC;2187.895
OKC;STL;742.732
OKC;TPA;1645.637
OMA;ORD;669.604
OMA;PHX;1669.509
OMA;RDU;1603.996
OMA;SEA;2200.796
ONT;SAT;1876.697
ORD;PBI;1840.537
ORD;PHL;1090.943
ORD;PHX;2317.282
ORD;PIA;209.109
ORD;PIT;663.807
ORD;PSP;2658.086
ORD;PVG;11357.375
ORD;PVR;2868.948
ORD;RDU;1039.963
ORD;RIC;1033.287
ORD;RNO;2689.881
ORD;ROC;849.404
ORD;RST;431.894
ORD;RSW;1802.875
ORD;SAN;2772.986
ORD;SAT;1676.167
ORD;SDF;461.105
ORD;SEA;2769.071
ORD;SFO;2971.105
ORD;SGF;705.300
ORD;SJC;2944.133
ORD;SJD;2908.105
ORD;SJU;3334.062
ORD;SLC;2011.346
ORD;SNA;2777.307
ORD;SPI;280.164
ORD;STL;415.254
ORD;SYR;976.459
ORD;TOL;343.336
ORD;TPA;1628.165
ORD;TUL;941.989
ORD;TUS;2312.690
ORD;TVC;360.055
ORD;TYS;763.908
ORD;XNA;839.958
ORD;YOW;1053.416
ORD;YUL;1203.511
ORD;YYZ;702.065
ORF;STL;1263.044
ORY;PMI;1019.523
ORY;RGS;847.045
ORY;VLL;963.105
ORY;ZAZ;828.549
OSL;SRP;324.460
OVD;SVQ;682.524
OVD;VLC;647.447
PBI;SAT;1830.920
PBO;PER;987.390
PDX;STL;2748.580
PEK;SYD;8934.003
PER;PHE;1308.135
PER;SIN;3894.868
PER;SYD;3284.133
PER;ZNE;1017.146
PHL;PHX;3339.909
PHL;SDQ;2436.359
PHL;SEA;3827.485
PHL;SJU;2536.299
PHL;STL;1309.213
PHX;RSW;3006.479
PHX;SDF;2423.737
PHX;STL;2030.696
PHX;TPA;2877.854
PMC;PUQ;1296.565
PMC;SCL;915.938
PMC;ZCO;299.237
PMI;SDR;695.373
PMI;VLC;276.052
PMI;VLL;684.090
POP;SJU;502.356
POS;SJU;1002.747
POS;UVF;349.613
PPT;SCL;7942.095
PQQ;SYD;320.125
PSP;PVR;1831.432
PTP;SJU;532.510
PUJ;SCL;5755.559
PUJ;SJU;249.789
PUQ;RGL;187.381
PUQ;SCL;2178.564
PUQ;USH;264.981
PVG;SYD;7836.401
RDU;SAN;3529.657
RDU;SGF;1314.580
RDU;STL;1074.171
RDU;TPA;944.877
RGL;SCL;2026.980
RIC;SAN;3645.420
RIC;SAT;2148.176
RIC;STL;1151.587
RIC;TUL;1659.679
RNO;XNA;2260.227
ROK;TSV;597.568
RSW;STL;1575.345
RSW;TUS;2892.130
SAN;SAT;1817.698
SAN;SJC;671.125
SAN;STL;2506.066
SAN;TUL;1990.272
SAT;SEA;2855.447
SAT;SJC;2339.701
SAT;SLC;1749.067
SAT;SMF;2353.839
SAT;STL;1264.811
SAT;TUS;1226.310
SAT;YYC;2723.698
SCL;SLA;1077.182
SCL;SYD;11362.832
SCL;UIO;3767.807
SCL;USH;2391.374
SCL;VVI;1904.888
SCL;YYZ;8581.126
SCL;ZCO;619.106
SCL;ZOS;826.161
SCQ;SVQ;645.041
SCQ;VLC;765.109
SDQ;SJU;387.402
SDR;SVQ;689.992
SDR;VLC;518.602
SEA;STL;2750.571
SFO;SNA;598.166
SFO;STL;2792.606
SFO;SYD;11936.432
SGF;STL;313.237
SIN;SYD;6287.870
SJC;SNA;550.340
SJD;TUS;1000.575
SJU;SKB;369.667
SJU;SLU;725.060
SJU;STI;496.518
SJU;STT;109.267
SJU;STX;151.292
SJU;SXM;309.121
SJU;TPA;1991.396
SLC;TPA;3037.671
SNA;YYZ;3472.528
SPC;SVQ;1473.855
STL;TPA;1398.496
STL;TUL;564.093
STL;TUS;2002.096
STL;XNA;442.747
STL;YVR;2848.795
STL;YYZ;1052.672
STX;TPA;2142.545
SVQ;TLS;923.283
SVQ;VLC;525.229
SVQ;VLL;484.408
SVQ;ZAZ;629.374
SXM;YUL;3197.372
SYD;TMW;318.914
SYD;WGA;366.420
SYD;WLG;2231.744
SYD;ZQN;1940.603
TFN;VLC;1902.153
TPA;YYZ;1761.509
VGO;VLC;750.833
VGO;ZAZ;631.876
ZCO;ZOS;207.980